fullname;number
Yousef Kwon;513
Giancarlo Lively;515
Kinley Banuelos;774
Mariam Vick;263
Lainey Watts;521
Anissa Saldana;779
Ashly Boston;790
Shyanne Slaughter;536
Gavin Stringer;537
Brenden House;793
Lynsey Parks;795
Halie Boehm;541
Terrance Finn;34
Rocco Hutton;291
Dalila Penn;550
Grecia Duffy;552
Elliot Dougherty;300
Destini Staley;301
Leland Rutledge;559
Haley Cabrera;561
Jayme Coe;818
Lainey Thomson;308
Tyrell Waterman;54
Alisa Burt;570
Donald Rasmussen;827
Melissa Purvis;829
Donnell Gould;67
Abigail Mahan;835
Carly Friend;70
Damion Sorenson;71
Sawyer Burney;328
Coby Dupree;841
Lexus Ayala;843
Jevon Wilder;335
Karson Valerio;336
Jaime McGowan;83
Ayesha Avalos;340
Makaela Luke;854
Mykayla Holmes;98
Jaret Reinhart;870
Abigayle Foltz;872
Brett Mancini;620
Nikhil Hargrove;364
Randy Ratliff;367
Brennon Diehl;882
Krysten Robinson;885
Monserrat Henson;631
Brandon Givens;890
Jadon Cannon;378
Claudia Gaffney;894
Jerod Wilhelm;126
Nehemiah Judd;895
Abel Melendez;127
Nataly McNair;919
Hallie Ferrara;664
Andie Waller;411
Cortez Cotter;925
Conner Ellington;413
Baby Myrick;158
Nyah Dowdy;671
Nicholas Smart;159
Dejah Lombardi;672
Latrell Behrens;417
Blaise Tarver;676
Gilberto Toler;168
Lola Kraft;178
Tatiyana Dillard;691
Stanley Harrington;438
Alfonso Dwyer;183
Bernadette Doyle;955
Lincoln Sorrell;700
Lizeth Johns;444
Mohamed Arriaga;445
Billy Herzog;189
Dario Ambrose;448
Braden Mckinley;706
Keyana Alicea;707
Ashlie Duckworth;709
Jalin Raney;713
Skyla Gulley;201
Treasure Danielson;719
Monserrat Atwell;977
Tyquan Bullock;470
Donavan Victor;728
Kyla Ford;217
Stevie Bain;476
Heidi Rowan;991
Desmond Rosas;225
Braden McCord;482
Jamya Colvin;228
Donald Palermo;230
Davonte Molina;490
Roger Lund;237
Neo Hamby;494
Glenn Francois;753
Davin McPherson;500
Dalia Webb;504
Gladys Chin;508
Symone Wallace;766
Jedidiah Mabry;254